direction_a,direction_b,cosine,is_headline
stage14_diff_of_means,h5_diff_of_means,0.981716,False
stage14_diff_of_means,lda_fisher,0.184566,False
stage14_diff_of_means,probe_ridge,0.268904,True
stage14_diff_of_means,teacher_forced,0.064412,False
h5_diff_of_means,lda_fisher,0.198769,False
h5_diff_of_means,probe_ridge,0.268182,False
h5_diff_of_means,teacher_forced,0.063735,False
lda_fisher,probe_ridge,0.233212,False
lda_fisher,teacher_forced,0.031938,False
probe_ridge,teacher_forced,0.008108,False
