model,source_file,pool,condition,direction,alpha,n_pairs,base_hr_pct,steer_hr_pct,delta_hr_pct,delta_hr_ci_lo,delta_hr_ci_hi,mcnemar_b,mcnemar_c,mcnemar_exact_p,base_mean_hr2,steer_mean_hr2,delta_mean_hr2,delta_hr2_ci_lo,delta_hr2_ci_hi,wilcoxon_pratt_p,n_effective_nonzero
steering_mistral_small_3_2_24b,steering_predictions.tsv,eval_high,steering,toward_hallucinated,1.0,50,36.0,60.0,24.0,12.0,38.0,13,1,0.001831,0.667,0.754,0.087,0.0262,0.148,0.007006,20
steering_mistral_small_3_2_24b,steering_predictions.tsv,eval_high,steering,toward_hallucinated,2.0,50,36.0,82.0,46.0,32.0,60.0,24,1,2e-06,0.667,0.8837,0.2167,0.1428,0.2882,3e-06,29
steering_mistral_small_3_2_24b,steering_predictions.tsv,eval_low,control_0,toward_cited,1.0,100,100.0,100.0,0.0,0.0,0.0,0,0,1.0,0.9996,1.0,0.0004,0.0,0.0011,0.317311,1
steering_mistral_small_3_2_24b,steering_predictions.tsv,eval_low,control_0,toward_cited,2.0,100,100.0,100.0,0.0,0.0,0.0,0,0,1.0,0.9996,0.9996,-0.0,-0.0,0.0,0.317311,1
steering_mistral_small_3_2_24b,steering_predictions.tsv,eval_low,steering,toward_cited,1.0,100,100.0,100.0,0.0,0.0,0.0,0,0,1.0,0.9996,0.9996,0.0,0.0,0.0,,0
steering_mistral_small_3_2_24b,steering_predictions.tsv,eval_low,steering,toward_cited,2.0,100,100.0,100.0,0.0,0.0,0.0,0,0,1.0,0.9996,1.0,0.0004,0.0,0.0011,0.317311,1
steering_mistral_small_3_2_24b,steering_predictions_norm_matched_control.tsv,eval_high,random_norm_matched_control,random,1.0,50,36.0,44.0,8.0,-6.0,22.0,9,5,0.42395,0.667,0.6463,-0.0207,-0.0995,0.0492,0.315456,15
steering_mistral_small_3_2_24b,steering_predictions_norm_matched_control.tsv,eval_high,random_norm_matched_control,random,2.0,50,36.0,52.0,16.0,0.0,32.0,13,5,0.096252,0.667,0.6934,0.0264,-0.051,0.0999,0.107854,21
steering_mistral_small_3_2_24b,steering_predictions_norm_matched_control.tsv,eval_low,random_norm_matched_control,random,1.0,100,100.0,100.0,0.0,0.0,0.0,0,0,1.0,0.9996,0.9983,-0.0014,-0.0052,0.0011,0.99433,2
steering_mistral_small_3_2_24b,steering_predictions_norm_matched_control.tsv,eval_low,random_norm_matched_control,random,2.0,100,100.0,100.0,0.0,0.0,0.0,0,0,1.0,0.9996,0.9965,-0.0032,-0.0072,-0.0004,0.045514,4
steering_mistral_small_3_2_24b,graded_steering_predictions_hr2_0.35_0.65.tsv,hr2_0.35_0.65,random_norm_matched_control,induce_toward_hallucinated,1.0,19,63.16,57.89,-5.26,-26.3158,15.7895,2,3,1.0,0.6545,0.686,0.0314,-0.0313,0.1053,0.821476,8
steering_mistral_small_3_2_24b,graded_steering_predictions_hr2_0.35_0.65.tsv,hr2_0.35_0.65,random_norm_matched_control,induce_toward_hallucinated,2.0,19,63.16,73.68,10.53,-15.7895,36.8421,4,2,0.6875,0.6545,0.7943,0.1397,0.0427,0.2382,0.020787,11
steering_mistral_small_3_2_24b,graded_steering_predictions_hr2_0.35_0.65.tsv,hr2_0.35_0.65,random_norm_matched_control,induce_toward_hallucinated,3.0,19,63.16,84.21,21.05,-5.2632,42.1053,5,1,0.21875,0.6545,0.8591,0.2046,0.1003,0.3105,0.00323,12
steering_mistral_small_3_2_24b,graded_steering_predictions_hr2_0.35_0.65.tsv,hr2_0.35_0.65,random_norm_matched_control,induce_toward_hallucinated,4.0,19,63.16,94.74,31.58,10.5263,52.6316,6,0,0.03125,0.6545,0.9235,0.2689,0.1684,0.3768,0.000516,13
steering_mistral_small_3_2_24b,graded_steering_predictions_hr2_0.35_0.65.tsv,hr2_0.35_0.65,steering,fix_toward_cited,1.0,19,63.16,63.16,0.0,-21.0526,21.0526,2,2,1.0,0.6545,0.6822,0.0277,-0.0605,0.1065,0.223037,8
steering_mistral_small_3_2_24b,graded_steering_predictions_hr2_0.35_0.65.tsv,hr2_0.35_0.65,steering,fix_toward_cited,2.0,19,63.16,73.68,10.53,-15.7895,36.8421,4,2,0.6875,0.6545,0.7922,0.1377,0.0419,0.2323,0.01288,12
steering_mistral_small_3_2_24b,graded_steering_predictions_hr2_0.35_0.65.tsv,hr2_0.35_0.65,steering,fix_toward_cited,3.0,19,63.16,89.47,26.32,0.0,52.6316,6,1,0.125,0.6545,0.8818,0.2272,0.0964,0.3554,0.005247,16
steering_mistral_small_3_2_24b,graded_steering_predictions_hr2_0.35_0.65.tsv,hr2_0.35_0.65,steering,fix_toward_cited,4.0,19,63.16,94.74,31.58,10.5263,52.6316,6,0,0.03125,0.6545,0.9105,0.2559,0.1533,0.3579,0.001574,15
steering_mistral_small_3_2_24b,graded_steering_predictions_hr2_0.35_0.65.tsv,hr2_0.35_0.65,steering,induce_toward_hallucinated,1.0,19,63.16,73.68,10.53,-15.7895,36.8421,5,3,0.726562,0.6545,0.7824,0.1278,-0.0062,0.2559,0.073376,13
steering_mistral_small_3_2_24b,graded_steering_predictions_hr2_0.35_0.65.tsv,hr2_0.35_0.65,steering,induce_toward_hallucinated,2.0,19,63.16,94.74,31.58,10.5263,52.6316,6,0,0.03125,0.6545,0.8792,0.2247,0.1279,0.3274,0.00078,12
steering_mistral_small_3_2_24b,graded_steering_predictions_hr2_0.35_0.65.tsv,hr2_0.35_0.65,steering,induce_toward_hallucinated,3.0,19,63.16,94.74,31.58,10.5263,52.6316,6,0,0.03125,0.6545,0.9476,0.2931,0.1995,0.3814,0.000362,14
steering_mistral_small_3_2_24b,graded_steering_predictions_hr2_0.35_0.65.tsv,hr2_0.35_0.65,steering,induce_toward_hallucinated,4.0,19,63.16,100.0,36.84,15.7895,57.8947,7,0,0.015625,0.6545,0.9936,0.3391,0.2422,0.4289,0.000254,15
steering_mistral_small_3_2_24b,graded_steering_predictions_hr2_0.65_0.95.tsv,hr2_0.65_0.95,random_norm_matched_control,induce_toward_hallucinated,1.0,50,98.0,100.0,2.0,0.0,6.0,1,0,1.0,0.852,0.8742,0.0222,-0.0062,0.0526,0.215898,32
steering_mistral_small_3_2_24b,graded_steering_predictions_hr2_0.65_0.95.tsv,hr2_0.65_0.95,random_norm_matched_control,induce_toward_hallucinated,2.0,50,98.0,100.0,2.0,0.0,6.0,1,0,1.0,0.852,0.915,0.063,0.0357,0.0922,0.000304,34
steering_mistral_small_3_2_24b,graded_steering_predictions_hr2_0.65_0.95.tsv,hr2_0.65_0.95,random_norm_matched_control,induce_toward_hallucinated,3.0,50,98.0,100.0,2.0,0.0,6.0,1,0,1.0,0.852,0.9377,0.0857,0.0534,0.1194,7e-06,36
steering_mistral_small_3_2_24b,graded_steering_predictions_hr2_0.65_0.95.tsv,hr2_0.65_0.95,random_norm_matched_control,induce_toward_hallucinated,4.0,50,98.0,98.0,0.0,-6.0,6.0,1,1,1.0,0.852,0.9602,0.1081,0.0777,0.1383,0.0,39
steering_mistral_small_3_2_24b,graded_steering_predictions_hr2_0.65_0.95.tsv,hr2_0.65_0.95,steering,fix_toward_cited,1.0,50,98.0,98.0,0.0,-6.0,6.0,1,1,1.0,0.852,0.8715,0.0195,-0.012,0.0513,0.123811,30
steering_mistral_small_3_2_24b,graded_steering_predictions_hr2_0.65_0.95.tsv,hr2_0.65_0.95,steering,fix_toward_cited,2.0,50,98.0,100.0,2.0,0.0,6.0,1,0,1.0,0.852,0.9128,0.0608,0.0321,0.0887,0.000165,33
steering_mistral_small_3_2_24b,graded_steering_predictions_hr2_0.65_0.95.tsv,hr2_0.65_0.95,steering,fix_toward_cited,3.0,50,98.0,100.0,2.0,0.0,6.0,1,0,1.0,0.852,0.9336,0.0816,0.0513,0.1152,1.7e-05,35
steering_mistral_small_3_2_24b,graded_steering_predictions_hr2_0.65_0.95.tsv,hr2_0.65_0.95,steering,fix_toward_cited,4.0,50,98.0,100.0,2.0,0.0,6.0,1,0,1.0,0.852,0.9597,0.1077,0.0744,0.1409,1e-06,39
steering_mistral_small_3_2_24b,graded_steering_predictions_hr2_0.65_0.95.tsv,hr2_0.65_0.95,steering,induce_toward_hallucinated,1.0,50,98.0,100.0,2.0,0.0,6.0,1,0,1.0,0.852,0.9192,0.0672,0.0319,0.1019,0.000461,36
steering_mistral_small_3_2_24b,graded_steering_predictions_hr2_0.65_0.95.tsv,hr2_0.65_0.95,steering,induce_toward_hallucinated,2.0,50,98.0,100.0,2.0,0.0,6.0,1,0,1.0,0.852,0.9822,0.1302,0.0965,0.165,0.0,40
steering_mistral_small_3_2_24b,graded_steering_predictions_hr2_0.65_0.95.tsv,hr2_0.65_0.95,steering,induce_toward_hallucinated,3.0,50,98.0,100.0,2.0,0.0,6.0,1,0,1.0,0.852,0.9933,0.1412,0.1087,0.1749,0.0,38
steering_mistral_small_3_2_24b,graded_steering_predictions_hr2_0.65_0.95.tsv,hr2_0.65_0.95,steering,induce_toward_hallucinated,4.0,50,98.0,100.0,2.0,0.0,6.0,1,0,1.0,0.852,0.9966,0.1446,0.1132,0.1776,0.0,38
