model,internal_prevalence_decile,n,mean_predicted_log_citation,mean_log_citation,mean_citation_count,mean_hr2
qwen3_32b,1,911,1.384337,1.60408,13.354555,0.993805
qwen3_32b,2,911,2.312383,2.207226,23.376509,0.995959
qwen3_32b,3,911,2.766887,2.626129,42.593853,0.994916
qwen3_32b,4,910,3.178952,2.999364,57.383516,0.994721
qwen3_32b,5,911,3.589512,3.484229,97.403952,0.990166
qwen3_32b,6,911,4.003829,3.926311,160.264544,0.987988
qwen3_32b,7,910,4.506656,4.670104,276.286813,0.980856
qwen3_32b,8,911,5.131274,5.372692,452.388584,0.973485
qwen3_32b,9,911,6.017697,6.230472,858.406147,0.936553
qwen3_32b,10,911,7.48948,7.282482,2393.605928,0.842575
mistral_small_3_2_24b,1,911,1.450268,1.605329,12.575192,0.995408
mistral_small_3_2_24b,2,911,2.324168,2.236866,28.954995,0.995561
mistral_small_3_2_24b,3,911,2.795102,2.70362,46.69045,0.994593
mistral_small_3_2_24b,4,910,3.188407,2.994546,69.461538,0.992473
mistral_small_3_2_24b,5,911,3.588374,3.497457,96.699232,0.992003
mistral_small_3_2_24b,6,911,4.020243,3.964838,159.613611,0.987448
mistral_small_3_2_24b,7,910,4.532578,4.684308,307.632967,0.977051
mistral_small_3_2_24b,8,911,5.148206,5.376328,527.892426,0.967509
mistral_small_3_2_24b,9,911,5.975926,6.232912,895.12843,0.956963
mistral_small_3_2_24b,10,911,7.375428,7.106894,2230.463227,0.878521
