"model","method","outcome_model","mediator","control_value","treat_value","acme","acme_lo","acme_hi","ade","ade_lo","ade_hi","total_effect","total_lo","total_hi","prop_mediated","prop_lo","prop_hi","sims","boot","controls","status"
"mistral_small_3_2_24b","mediation_package","lm","p1_prevalence_pred_oof",2.1972246,5.829679825,-0.0255407290539752,-0.0309630432526947,-0.0203112681758759,-0.0236381784690916,-0.0286011413872703,-0.0183714376368274,-0.0491789075230667,-0.0549517380384938,-0.0435332045475172,0.519343156250383,0.432643257085306,0.609770002129605,2000,TRUE,"none","ok"
"mistral_small_3_2_24b","manual_linear_decomposition","lm","p1_prevalence_pred_oof",2.1972246,5.829679825,-0.0255407290539752,-0.030950390014817,-0.0202994807676782,-0.0236381784690915,-0.0291288846616183,-0.0187571789361102,-0.0491789075230666,-0.054838783980043,-0.0434609266606036,0.519343156250384,0.42636509990519,0.609449791287904,2000,TRUE,"none","ok"
"mistral_small_3_2_24b","mediation_package","lm","metadata_prevalence_pred_oof",2.1972246,5.829679825,0.000507916988546315,-0.000108244843630094,0.00117210938891493,-0.049686824511613,-0.0554574542464393,-0.0437256464856267,-0.0491789075230667,-0.0547530418031166,-0.043435095399889,-0.010327943708552,-0.0238304679797339,0.00229912073713803,2000,TRUE,"none","ok"
"mistral_small_3_2_24b","manual_linear_decomposition","lm","metadata_prevalence_pred_oof",2.1972246,5.829679825,0.000507916988546315,-0.000125626213803549,0.00119278842874825,-0.049686824511613,-0.0556927306472998,-0.0443235643461096,-0.0491789075230666,-0.055059034957957,-0.0440069909651651,-0.010327943708552,-0.024155844679542,0.00251335124391184,2000,TRUE,"none","ok"
"mistral_small_3_2_24b","mediation_package","lm","combined_prevalence_pred_oof",2.1972246,5.829679825,-0.0244510988215826,-0.0298690377169664,-0.0191980500523422,-0.0247278087014842,-0.0298515247716696,-0.0194486028274045,-0.0491789075230668,-0.0547803536500977,-0.0434179664600338,0.497186701638586,0.408573831005183,0.591557576863171,2000,TRUE,"none","ok"
"mistral_small_3_2_24b","manual_linear_decomposition","lm","combined_prevalence_pred_oof",2.1972246,5.829679825,-0.0244510988215826,-0.0296157878804106,-0.0194840561912194,-0.024727808701484,-0.0303978921111301,-0.019563816307459,-0.0491789075230666,-0.0548674064086889,-0.0436420338217106,0.497186701638587,0.406943261436168,0.588329914767973,2000,TRUE,"none","ok"
"mistral_small_3_2_24b","manual_counterfactual_fractional_logit","glm_binomial_logit","p1_prevalence_pred_oof",2.1972246,5.829679825,-0.015628177927334,-0.0188227264431295,-0.0120901755162775,-0.0141276616642694,-0.0176652546344128,-0.0110498419572269,-0.0297558395916033,-0.0322855724093991,-0.0272211242361471,0.525213811535131,0.412270419252567,0.620565481524097,2000,TRUE,"none","ok"
"mistral_small_3_2_24b","manual_counterfactual_fractional_logit","glm_binomial_logit","combined_prevalence_pred_oof",2.1972246,5.829679825,-0.0148207948238519,-0.0180324897210542,-0.0112800438227239,-0.0150364475894263,-0.018932573854371,-0.0116635526733393,-0.0298572424132783,-0.0324574336215341,-0.027300476121775,0.496388602092092,0.38124668353289,0.597145114609813,2000,TRUE,"none","ok"
"qwen3_32b","mediation_package","lm","p1_prevalence_pred_oof",2.1972246,5.829679825,-0.0406575438951798,-0.0477709846901428,-0.0334666934546191,-0.0197559063103574,-0.0262915248716608,-0.0136921341990897,-0.0604134502055372,-0.0672259355638787,-0.0537290980265036,0.672988279213581,0.573097889549725,0.76706894682982,2000,TRUE,"none","ok"
"qwen3_32b","manual_linear_decomposition","lm","p1_prevalence_pred_oof",2.1972246,5.829679825,-0.0406575438951798,-0.0479533871891446,-0.0331489820761961,-0.0197559063103574,-0.0264507155559305,-0.0134306047491842,-0.0604134502055373,-0.0670985754026535,-0.053681887628665,0.67298827921358,0.570883378703143,0.77386492645318,2000,TRUE,"none","ok"
"qwen3_32b","mediation_package","lm","metadata_prevalence_pred_oof",2.1972246,5.829679825,0.00200851764736603,0.00119615594112554,0.00285217564262048,-0.0624219678529033,-0.0691727007460064,-0.0555928404421848,-0.0604134502055373,-0.0669467765072477,-0.0540091304064051,-0.0332461999858094,-0.0468106914411218,-0.0200590826031228,2000,TRUE,"none","ok"
"qwen3_32b","manual_linear_decomposition","lm","metadata_prevalence_pred_oof",2.1972246,5.829679825,0.00200851764736603,0.00122127783473062,0.00287843968539716,-0.0624219678529033,-0.0693598712442122,-0.0553653833806266,-0.0604134502055373,-0.0670242490779989,-0.0536449114642849,-0.0332461999858094,-0.0471184782343168,-0.0209853205428536,2000,TRUE,"none","ok"
"qwen3_32b","mediation_package","lm","combined_prevalence_pred_oof",2.1972246,5.829679825,-0.0393682088951962,-0.0464786705951101,-0.0324321091722839,-0.0210452413103412,-0.0277035318648012,-0.0145785914061582,-0.0604134502055374,-0.06721105713211,-0.0537031018437059,0.65164642577536,0.549340750895989,0.753446681445229,2000,TRUE,"none","ok"
"qwen3_32b","manual_linear_decomposition","lm","combined_prevalence_pred_oof",2.1972246,5.829679825,-0.0393682088951962,-0.0469509803967908,-0.0321276462423453,-0.0210452413103411,-0.0277901264838934,-0.0145385542834528,-0.0604134502055373,-0.0671083260565824,-0.0537563312915044,0.651646425775362,0.55311587519673,0.753937770226295,2000,TRUE,"none","ok"
"qwen3_32b","manual_counterfactual_fractional_logit","glm_binomial_logit","p1_prevalence_pred_oof",2.1972246,5.829679825,-0.0228329397757421,-0.0263997983209096,-0.0188936908219851,-0.0114419523794002,-0.0153979557767157,-0.00805688774444032,-0.0342748921551422,-0.0373345344103144,-0.0313666148180912,0.666171017326351,0.559266644217861,0.758588093116269,2000,TRUE,"none","ok"
"qwen3_32b","manual_counterfactual_fractional_logit","glm_binomial_logit","combined_prevalence_pred_oof",2.1972246,5.829679825,-0.0220842675375343,-0.0258556302545665,-0.0180332957773927,-0.0122994266855743,-0.0165737640544488,-0.00883869219411838,-0.0343836942231086,-0.0374846535949143,-0.031307817126738,0.642288969714369,0.526905965770052,0.738233202217783,2000,TRUE,"none","ok"
