model,strategy,layer_idx,control,shuffle_idx,n,r2_cv,spearman_rho_cv,best_alpha,real_embedding_r2_cv,protocol
qwen3_32b,p1,48,shuffled_log_citation,1,9108,-0.002827,-0.002449,10000.0,0.614666,fold_safe_pca_scaler_ridge
qwen3_32b,p1,48,shuffled_log_citation,2,9108,-0.002353,-0.00147,10000.0,0.614666,fold_safe_pca_scaler_ridge
qwen3_32b,p1,48,shuffled_log_citation,3,9108,-0.001953,-0.001289,10000.0,0.614666,fold_safe_pca_scaler_ridge
qwen3_32b,p1,48,shuffled_log_citation,4,9108,-0.002517,0.00197,10000.0,0.614666,fold_safe_pca_scaler_ridge
qwen3_32b,p1,48,shuffled_log_citation,5,9108,-0.002299,0.003179,10000.0,0.614666,fold_safe_pca_scaler_ridge
qwen3_32b,p1,48,shuffled_log_citation,6,9108,-0.003985,-0.023024,10000.0,0.614666,fold_safe_pca_scaler_ridge
qwen3_32b,p1,48,shuffled_log_citation,7,9108,-0.004099,-0.025805,10000.0,0.614666,fold_safe_pca_scaler_ridge
qwen3_32b,p1,48,shuffled_log_citation,8,9108,-0.004452,-0.015496,10000.0,0.614666,fold_safe_pca_scaler_ridge
qwen3_32b,p1,48,shuffled_log_citation,9,9108,-0.003693,-0.012182,10000.0,0.614666,fold_safe_pca_scaler_ridge
qwen3_32b,p1,48,shuffled_log_citation,10,9108,-0.003433,-0.007612,10000.0,0.614666,fold_safe_pca_scaler_ridge
mistral_small_3_2_24b,p1,22,shuffled_log_citation,1,9108,-0.001452,0.012104,10000.0,0.584697,fold_safe_pca_scaler_ridge
mistral_small_3_2_24b,p1,22,shuffled_log_citation,2,9108,-0.004106,-0.02617,10000.0,0.584697,fold_safe_pca_scaler_ridge
mistral_small_3_2_24b,p1,22,shuffled_log_citation,3,9108,-0.002591,-0.00113,10000.0,0.584697,fold_safe_pca_scaler_ridge
mistral_small_3_2_24b,p1,22,shuffled_log_citation,4,9108,-0.000692,0.017388,10000.0,0.584697,fold_safe_pca_scaler_ridge
mistral_small_3_2_24b,p1,22,shuffled_log_citation,5,9108,-0.002476,-0.005227,10000.0,0.584697,fold_safe_pca_scaler_ridge
mistral_small_3_2_24b,p1,22,shuffled_log_citation,6,9108,-0.004584,-0.029942,10000.0,0.584697,fold_safe_pca_scaler_ridge
mistral_small_3_2_24b,p1,22,shuffled_log_citation,7,9108,-0.000736,0.018945,10000.0,0.584697,fold_safe_pca_scaler_ridge
mistral_small_3_2_24b,p1,22,shuffled_log_citation,8,9108,-0.001891,0.006535,10000.0,0.584697,fold_safe_pca_scaler_ridge
mistral_small_3_2_24b,p1,22,shuffled_log_citation,9,9108,-0.000981,0.014982,10000.0,0.584697,fold_safe_pca_scaler_ridge
mistral_small_3_2_24b,p1,22,shuffled_log_citation,10,9108,-0.001617,0.006541,10000.0,0.584697,fold_safe_pca_scaler_ridge
