model,strategy,layer_idx,layer_depth_pct,field,n,log_citation_std,protocol,feature_set,n_features,r2_cv,spearman_rho_cv,best_alpha,skip_reason
qwen3_32b,p1,48,76.2,biology,1179,2.282876,metadata_scaled_ridge,metadata_controls_no_field,4,0.071643,0.264197,10.0,
qwen3_32b,p1,48,76.2,biology,1179,2.282876,within_field_fold_safe_pca_scaler_ridge,p1_embedding_fold_safe_pca,100,0.647399,0.796812,10.0,
qwen3_32b,p1,48,76.2,biology,1179,2.282876,within_field_fold_safe_pca_scaler_ridge,metadata_plus_p1_embedding_fold_safe_pca,104,0.654757,0.801684,10.0,
qwen3_32b,p1,48,76.2,biology,1179,2.282876,within_field_fold_safe_pca_scaler_ridge,incremental_p1_over_within_field_metadata,104,0.583114,,,
qwen3_32b,p1,48,76.2,chemistry,1134,2.162923,metadata_scaled_ridge,metadata_controls_no_field,4,0.025409,0.174086,100.0,
qwen3_32b,p1,48,76.2,chemistry,1134,2.162923,within_field_fold_safe_pca_scaler_ridge,p1_embedding_fold_safe_pca,100,0.561447,0.745754,10.0,
qwen3_32b,p1,48,76.2,chemistry,1134,2.162923,within_field_fold_safe_pca_scaler_ridge,metadata_plus_p1_embedding_fold_safe_pca,104,0.562873,0.746779,10.0,
qwen3_32b,p1,48,76.2,chemistry,1134,2.162923,within_field_fold_safe_pca_scaler_ridge,incremental_p1_over_within_field_metadata,104,0.537465,,,
qwen3_32b,p1,48,76.2,computer science,1174,2.297277,metadata_scaled_ridge,metadata_controls_no_field,4,0.048723,0.245827,100.0,
qwen3_32b,p1,48,76.2,computer science,1174,2.297277,within_field_fold_safe_pca_scaler_ridge,p1_embedding_fold_safe_pca,100,0.628489,0.780999,0.01,
qwen3_32b,p1,48,76.2,computer science,1174,2.297277,within_field_fold_safe_pca_scaler_ridge,metadata_plus_p1_embedding_fold_safe_pca,104,0.629041,0.781824,0.01,
qwen3_32b,p1,48,76.2,computer science,1174,2.297277,within_field_fold_safe_pca_scaler_ridge,incremental_p1_over_within_field_metadata,104,0.580317,,,
qwen3_32b,p1,48,76.2,materials science,1067,2.070457,metadata_scaled_ridge,metadata_controls_no_field,4,0.045222,0.216343,10.0,
qwen3_32b,p1,48,76.2,materials science,1067,2.070457,within_field_fold_safe_pca_scaler_ridge,p1_embedding_fold_safe_pca,100,0.568805,0.742964,10.0,
qwen3_32b,p1,48,76.2,materials science,1067,2.070457,within_field_fold_safe_pca_scaler_ridge,metadata_plus_p1_embedding_fold_safe_pca,104,0.567125,0.743657,10.0,
qwen3_32b,p1,48,76.2,materials science,1067,2.070457,within_field_fold_safe_pca_scaler_ridge,incremental_p1_over_within_field_metadata,104,0.521902,,,
qwen3_32b,p1,48,76.2,mathematics,1088,2.134516,metadata_scaled_ridge,metadata_controls_no_field,4,0.030841,0.2153,100.0,
qwen3_32b,p1,48,76.2,mathematics,1088,2.134516,within_field_fold_safe_pca_scaler_ridge,p1_embedding_fold_safe_pca,100,0.57509,0.747795,10.0,
qwen3_32b,p1,48,76.2,mathematics,1088,2.134516,within_field_fold_safe_pca_scaler_ridge,metadata_plus_p1_embedding_fold_safe_pca,104,0.572588,0.746965,10.0,
qwen3_32b,p1,48,76.2,mathematics,1088,2.134516,within_field_fold_safe_pca_scaler_ridge,incremental_p1_over_within_field_metadata,104,0.541748,,,
qwen3_32b,p1,48,76.2,medicine,1230,2.381495,metadata_scaled_ridge,metadata_controls_no_field,4,0.043429,0.194588,10.0,
qwen3_32b,p1,48,76.2,medicine,1230,2.381495,within_field_fold_safe_pca_scaler_ridge,p1_embedding_fold_safe_pca,100,0.643053,0.800232,0.01,
qwen3_32b,p1,48,76.2,medicine,1230,2.381495,within_field_fold_safe_pca_scaler_ridge,metadata_plus_p1_embedding_fold_safe_pca,104,0.66466,0.815926,0.01,
qwen3_32b,p1,48,76.2,medicine,1230,2.381495,within_field_fold_safe_pca_scaler_ridge,incremental_p1_over_within_field_metadata,104,0.621232,,,
qwen3_32b,p1,48,76.2,physics,1082,2.102017,metadata_scaled_ridge,metadata_controls_no_field,4,0.041171,0.212885,100.0,
qwen3_32b,p1,48,76.2,physics,1082,2.102017,within_field_fold_safe_pca_scaler_ridge,p1_embedding_fold_safe_pca,100,0.523119,0.71241,1.0,
qwen3_32b,p1,48,76.2,physics,1082,2.102017,within_field_fold_safe_pca_scaler_ridge,metadata_plus_p1_embedding_fold_safe_pca,104,0.52307,0.713751,10.0,
qwen3_32b,p1,48,76.2,physics,1082,2.102017,within_field_fold_safe_pca_scaler_ridge,incremental_p1_over_within_field_metadata,104,0.481899,,,
qwen3_32b,p1,48,76.2,psychology,1154,2.239204,metadata_scaled_ridge,metadata_controls_no_field,4,0.015157,0.136147,10.0,
qwen3_32b,p1,48,76.2,psychology,1154,2.239204,within_field_fold_safe_pca_scaler_ridge,p1_embedding_fold_safe_pca,100,0.568202,0.75428,1.0,
qwen3_32b,p1,48,76.2,psychology,1154,2.239204,within_field_fold_safe_pca_scaler_ridge,metadata_plus_p1_embedding_fold_safe_pca,104,0.572743,0.757007,10.0,
qwen3_32b,p1,48,76.2,psychology,1154,2.239204,within_field_fold_safe_pca_scaler_ridge,incremental_p1_over_within_field_metadata,104,0.557586,,,
mistral_small_3_2_24b,p1,22,56.4,biology,1179,2.282876,metadata_scaled_ridge,metadata_controls_no_field,4,0.071643,0.264197,10.0,
mistral_small_3_2_24b,p1,22,56.4,biology,1179,2.282876,within_field_fold_safe_pca_scaler_ridge,p1_embedding_fold_safe_pca,100,0.649374,0.804662,10.0,
mistral_small_3_2_24b,p1,22,56.4,biology,1179,2.282876,within_field_fold_safe_pca_scaler_ridge,metadata_plus_p1_embedding_fold_safe_pca,104,0.65596,0.809328,10.0,
mistral_small_3_2_24b,p1,22,56.4,biology,1179,2.282876,within_field_fold_safe_pca_scaler_ridge,incremental_p1_over_within_field_metadata,104,0.584317,,,
mistral_small_3_2_24b,p1,22,56.4,chemistry,1134,2.162923,metadata_scaled_ridge,metadata_controls_no_field,4,0.025409,0.174086,100.0,
mistral_small_3_2_24b,p1,22,56.4,chemistry,1134,2.162923,within_field_fold_safe_pca_scaler_ridge,p1_embedding_fold_safe_pca,100,0.587663,0.766378,10.0,
mistral_small_3_2_24b,p1,22,56.4,chemistry,1134,2.162923,within_field_fold_safe_pca_scaler_ridge,metadata_plus_p1_embedding_fold_safe_pca,104,0.587598,0.766804,10.0,
mistral_small_3_2_24b,p1,22,56.4,chemistry,1134,2.162923,within_field_fold_safe_pca_scaler_ridge,incremental_p1_over_within_field_metadata,104,0.56219,,,
mistral_small_3_2_24b,p1,22,56.4,computer science,1174,2.297277,metadata_scaled_ridge,metadata_controls_no_field,4,0.048723,0.245827,100.0,
mistral_small_3_2_24b,p1,22,56.4,computer science,1174,2.297277,within_field_fold_safe_pca_scaler_ridge,p1_embedding_fold_safe_pca,100,0.600377,0.764737,0.01,
mistral_small_3_2_24b,p1,22,56.4,computer science,1174,2.297277,within_field_fold_safe_pca_scaler_ridge,metadata_plus_p1_embedding_fold_safe_pca,104,0.601574,0.765763,1.0,
mistral_small_3_2_24b,p1,22,56.4,computer science,1174,2.297277,within_field_fold_safe_pca_scaler_ridge,incremental_p1_over_within_field_metadata,104,0.552851,,,
mistral_small_3_2_24b,p1,22,56.4,materials science,1067,2.070457,metadata_scaled_ridge,metadata_controls_no_field,4,0.045222,0.216343,10.0,
mistral_small_3_2_24b,p1,22,56.4,materials science,1067,2.070457,within_field_fold_safe_pca_scaler_ridge,p1_embedding_fold_safe_pca,100,0.584714,0.761082,0.01,
mistral_small_3_2_24b,p1,22,56.4,materials science,1067,2.070457,within_field_fold_safe_pca_scaler_ridge,metadata_plus_p1_embedding_fold_safe_pca,104,0.583841,0.760727,10.0,
mistral_small_3_2_24b,p1,22,56.4,materials science,1067,2.070457,within_field_fold_safe_pca_scaler_ridge,incremental_p1_over_within_field_metadata,104,0.538618,,,
mistral_small_3_2_24b,p1,22,56.4,mathematics,1088,2.134516,metadata_scaled_ridge,metadata_controls_no_field,4,0.030841,0.2153,100.0,
mistral_small_3_2_24b,p1,22,56.4,mathematics,1088,2.134516,within_field_fold_safe_pca_scaler_ridge,p1_embedding_fold_safe_pca,100,0.463176,0.664592,1.0,
mistral_small_3_2_24b,p1,22,56.4,mathematics,1088,2.134516,within_field_fold_safe_pca_scaler_ridge,metadata_plus_p1_embedding_fold_safe_pca,104,0.465444,0.66836,0.01,
mistral_small_3_2_24b,p1,22,56.4,mathematics,1088,2.134516,within_field_fold_safe_pca_scaler_ridge,incremental_p1_over_within_field_metadata,104,0.434603,,,
mistral_small_3_2_24b,p1,22,56.4,medicine,1230,2.381495,metadata_scaled_ridge,metadata_controls_no_field,4,0.043429,0.194588,10.0,
mistral_small_3_2_24b,p1,22,56.4,medicine,1230,2.381495,within_field_fold_safe_pca_scaler_ridge,p1_embedding_fold_safe_pca,100,0.616046,0.788686,0.01,
mistral_small_3_2_24b,p1,22,56.4,medicine,1230,2.381495,within_field_fold_safe_pca_scaler_ridge,metadata_plus_p1_embedding_fold_safe_pca,104,0.628547,0.799046,0.01,
mistral_small_3_2_24b,p1,22,56.4,medicine,1230,2.381495,within_field_fold_safe_pca_scaler_ridge,incremental_p1_over_within_field_metadata,104,0.585118,,,
mistral_small_3_2_24b,p1,22,56.4,physics,1082,2.102017,metadata_scaled_ridge,metadata_controls_no_field,4,0.041171,0.212885,100.0,
mistral_small_3_2_24b,p1,22,56.4,physics,1082,2.102017,within_field_fold_safe_pca_scaler_ridge,p1_embedding_fold_safe_pca,100,0.454196,0.676496,0.01,
mistral_small_3_2_24b,p1,22,56.4,physics,1082,2.102017,within_field_fold_safe_pca_scaler_ridge,metadata_plus_p1_embedding_fold_safe_pca,104,0.461141,0.679326,10.0,
mistral_small_3_2_24b,p1,22,56.4,physics,1082,2.102017,within_field_fold_safe_pca_scaler_ridge,incremental_p1_over_within_field_metadata,104,0.41997,,,
mistral_small_3_2_24b,p1,22,56.4,psychology,1154,2.239204,metadata_scaled_ridge,metadata_controls_no_field,4,0.015157,0.136147,10.0,
mistral_small_3_2_24b,p1,22,56.4,psychology,1154,2.239204,within_field_fold_safe_pca_scaler_ridge,p1_embedding_fold_safe_pca,100,0.545449,0.738407,1.0,
mistral_small_3_2_24b,p1,22,56.4,psychology,1154,2.239204,within_field_fold_safe_pca_scaler_ridge,metadata_plus_p1_embedding_fold_safe_pca,104,0.544003,0.738153,1.0,
mistral_small_3_2_24b,p1,22,56.4,psychology,1154,2.239204,within_field_fold_safe_pca_scaler_ridge,incremental_p1_over_within_field_metadata,104,0.528846,,,
